ds,y,yhat,yhat_lower,yhat_upper,model,cell_id,region
2025-08-24 21:00:00,45.8061669343295,,,,observed,CELL-001,dfw
2025-08-24 22:00:00,36.600239870454715,,,,observed,CELL-001,dfw
2025-08-24 23:00:00,41.80958104672598,,,,observed,CELL-001,dfw
2025-08-25 00:00:00,50.675145409613776,,,,observed,CELL-001,dfw
2025-08-25 01:00:00,44.50682321002711,,,,observed,CELL-001,dfw
2025-08-25 02:00:00,41.55303919203152,,,,observed,CELL-001,dfw
2025-08-25 03:00:00,35.858255215064716,,,,observed,CELL-001,dfw
2025-08-25 04:00:00,52.731100590497,,,,observed,CELL-001,dfw
2025-08-25 05:00:00,37.55638882365585,,,,observed,CELL-001,dfw
2025-08-25 06:00:00,45.541244992940534,,,,observed,CELL-001,dfw
2025-08-25 07:00:00,39.613397770271746,,,,observed,CELL-001,dfw
2025-08-25 08:00:00,40.021104622321616,,,,observed,CELL-001,dfw
2025-08-25 09:00:00,43.395892116873306,,,,observed,CELL-001,dfw
2025-08-25 10:00:00,38.89921433747706,,,,observed,CELL-001,dfw
2025-08-25 11:00:00,41.06997999543546,,,,observed,CELL-001,dfw
2025-08-25 12:00:00,43.0220062217722,,,,observed,CELL-001,dfw
2025-08-25 13:00:00,46.42586895926619,,,,observed,CELL-001,dfw
2025-08-25 14:00:00,86.03840070348338,,,,observed,CELL-001,dfw
2025-08-25 15:00:00,46.16377443801759,,,,observed,CELL-001,dfw
2025-08-25 16:00:00,48.195160733768056,,,,observed,CELL-001,dfw
2025-08-25 17:00:00,38.21830162887579,,,,observed,CELL-001,dfw
2025-08-25 18:00:00,35.450274058384956,,,,observed,CELL-001,dfw
2025-08-25 19:00:00,43.102967595176324,,,,observed,CELL-001,dfw
2025-08-25 20:00:00,35.048009431704926,,,,observed,CELL-001,dfw
2025-08-24 08:00:00,,39.79035664340943,30.095324500063924,50.84808789873153,prophet,CELL-001,dfw
2025-08-24 09:00:00,,40.60082491581786,29.99830141232083,50.44859871780873,prophet,CELL-001,dfw
2025-08-24 10:00:00,,41.500700438288526,30.337602930876887,51.902468032877486,prophet,CELL-001,dfw
2025-08-24 11:00:00,,42.407048935819475,31.851502037255745,53.635815592773135,prophet,CELL-001,dfw
2025-08-24 12:00:00,,43.252142831808364,32.50550199418961,54.61271361070535,prophet,CELL-001,dfw
2025-08-24 13:00:00,,43.9834543627762,32.68114130706059,53.951855598088486,prophet,CELL-001,dfw
2025-08-24 14:00:00,,44.56335878566342,34.17766568409484,55.02895767443963,prophet,CELL-001,dfw
2025-08-24 15:00:00,,44.96855729660441,34.870273365937756,55.46324707382238,prophet,CELL-001,dfw
2025-08-24 16:00:00,,45.18923330836975,35.05027320596903,55.604076599999026,prophet,CELL-001,dfw
2025-08-24 17:00:00,,45.22795961875151,35.4173586212649,56.05355576053225,prophet,CELL-001,dfw
2025-08-24 18:00:00,,45.09837755747145,35.14784462065189,55.77585582107892,prophet,CELL-001,dfw
2025-08-24 19:00:00,,44.82367245900967,34.86909784370304,55.3897680739283,prophet,CELL-001,dfw
2025-08-24 20:00:00,,44.43487282036962,33.93178075130538,54.797501319677814,prophet,CELL-001,dfw
2025-08-24 21:00:00,,43.96900296302441,33.88425846823282,53.899798800110666,prophet,CELL-001,dfw
2025-08-24 22:00:00,,43.467121195578024,32.58320371214508,53.770481535266114,prophet,CELL-001,dfw
2025-08-24 23:00:00,,42.97227712130304,31.44169359338803,54.327093940611405,prophet,CELL-001,dfw
2025-08-25 00:00:00,,42.527422972024425,31.935470749066052,53.49275982088853,prophet,CELL-001,dfw
2025-08-25 01:00:00,,42.17331451292263,31.60383123008481,53.10864163723647,prophet,CELL-001,dfw
2025-08-25 02:00:00,,41.94643734271342,31.099502792763726,53.53682432209478,prophet,CELL-001,dfw
2025-08-25 03:00:00,,41.876994058358214,31.066964375445597,52.30204382071818,prophet,CELL-001,dfw
2025-08-25 04:00:00,,41.98698705492306,32.13113290121995,52.10108651910619,prophet,CELL-001,dfw
2025-08-25 05:00:00,,42.28843038694131,31.474483110677053,52.36475187155383,prophet,CELL-001,dfw
2025-08-25 06:00:00,,42.781722417297395,32.64788226360716,52.791903465221786,prophet,CELL-001,dfw
2025-08-25 07:00:00,,43.454208768259335,31.93481812531244,54.77709510487853,prophet,CELL-001,dfw
2025-08-25 08:00:00,,44.27896250067643,34.13820871883941,54.407743812144794,prophet,CELL-001,dfw
2025-08-25 09:00:00,,45.21380544047862,34.766470930220684,55.75489578059635,prophet,CELL-001,dfw
2025-08-25 10:00:00,,46.200591187038015,35.78034946361912,56.68815501127491,prophet,CELL-001,dfw
2025-08-25 11:00:00,,47.164766771250825,36.323164261730774,57.57939231822251,prophet,CELL-001,dfw
2025-08-25 12:00:00,,48.01522593173,36.911203996096575,58.313446661776894,prophet,CELL-001,dfw
2025-08-25 13:00:00,,48.64446293669816,37.69458784287606,58.529430790969194,prophet,CELL-001,dfw
2025-08-25 14:00:00,,48.9290315707929,38.1926826746671,59.180938973074994,prophet,CELL-001,dfw
2025-08-25 15:00:00,,48.73030957439735,38.927207187150145,59.51710399383719,prophet,CELL-001,dfw
2025-08-25 16:00:00,,47.89556441637973,37.38605041876899,58.1231182142711,prophet,CELL-001,dfw
2025-08-25 17:00:00,,46.25931190537716,36.15357935975457,56.831325491622856,prophet,CELL-001,dfw
2025-08-25 18:00:00,,43.64495486492352,32.9215994876334,54.28700454345833,prophet,CELL-001,dfw
2025-08-25 19:00:00,,39.86668491326979,29.922221038654477,50.515360860838705,prophet,CELL-001,dfw
2025-08-25 20:00:00,,34.73162644858951,24.58708409399579,46.448891975302885,prophet,CELL-001,dfw
2025-08-25 21:00:00,,28.042198182779146,17.336570844046026,38.27676666929494,prophet,CELL-001,dfw
2025-08-25 22:00:00,,19.598664195501698,8.995580368731654,30.141275196747173,prophet,CELL-001,dfw
2025-08-25 23:00:00,,9.201843326710517,-2.1747783655603965,18.88147900665528,prophet,CELL-001,dfw
2025-08-26 00:00:00,,-3.344056911795974,-13.338242305460687,6.918600779692574,prophet,CELL-001,dfw
2025-08-26 01:00:00,,-18.228518036254755,-28.152788896757258,-7.666159087630104,prophet,CELL-001,dfw
2025-08-26 02:00:00,,-35.6317378461374,-45.689724489466705,-24.552705659027072,prophet,CELL-001,dfw
2025-08-26 03:00:00,,-55.72164651832776,-66.50877784625197,-45.91973720387083,prophet,CELL-001,dfw
2025-08-26 04:00:00,,-78.65095165240808,-88.23850316046693,-67.96873960609416,prophet,CELL-001,dfw
2025-08-26 05:00:00,,-104.5542527125566,-116.07653245435087,-94.95976047162628,prophet,CELL-001,dfw
2025-08-26 06:00:00,,-133.54526512652748,-144.08023640918393,-122.92066305154995,prophet,CELL-001,dfw
2025-08-26 07:00:00,,-165.71419347926795,-175.72720030836874,-155.4049952183054,prophet,CELL-001,dfw
2025-08-26 08:00:00,,-201.12529216909223,-211.32686341822304,-190.86984992953288,prophet,CELL-001,dfw
2025-08-24 21:00:00,39.12941373841678,,,,observed,CELL-002,dfw
2025-08-24 22:00:00,44.76055945685294,,,,observed,CELL-002,dfw
2025-08-24 23:00:00,83.28984024529574,,,,observed,CELL-002,dfw
2025-08-25 00:00:00,43.066283124634595,,,,observed,CELL-002,dfw
2025-08-25 01:00:00,40.82672556542295,,,,observed,CELL-002,dfw
2025-08-25 02:00:00,48.39491168593296,,,,observed,CELL-002,dfw
2025-08-25 03:00:00,44.63152808700164,,,,observed,CELL-002,dfw
2025-08-25 04:00:00,37.79922871863825,,,,observed,CELL-002,dfw
2025-08-25 05:00:00,41.45903009802157,,,,observed,CELL-002,dfw
2025-08-25 06:00:00,27.591159101445403,,,,observed,CELL-002,dfw
2025-08-25 07:00:00,46.5120385780307,,,,observed,CELL-002,dfw
2025-08-25 08:00:00,44.40676113088441,,,,observed,CELL-002,dfw
2025-08-25 09:00:00,42.181732351944845,,,,observed,CELL-002,dfw
2025-08-25 10:00:00,49.15849970761912,,,,observed,CELL-002,dfw
2025-08-25 11:00:00,45.09959414629039,,,,observed,CELL-002,dfw
2025-08-25 12:00:00,54.6009535152684,,,,observed,CELL-002,dfw
2025-08-25 13:00:00,44.62485700936078,,,,observed,CELL-002,dfw
2025-08-25 14:00:00,42.03610452716747,,,,observed,CELL-002,dfw
2025-08-25 15:00:00,39.86047173716728,,,,observed,CELL-002,dfw
2025-08-25 16:00:00,41.67484755127167,,,,observed,CELL-002,dfw
2025-08-25 17:00:00,47.57991646351216,,,,observed,CELL-002,dfw
2025-08-25 18:00:00,58.33462992748872,,,,observed,CELL-002,dfw
2025-08-25 19:00:00,53.47606850805662,,,,observed,CELL-002,dfw
2025-08-25 20:00:00,54.53417573660471,,,,observed,CELL-002,dfw
2025-08-24 08:00:00,,43.57957108531797,32.33967303950844,53.72100790060389,prophet,CELL-002,dfw
2025-08-24 09:00:00,,42.09389291713768,31.873580774498553,52.744564600864685,prophet,CELL-002,dfw
2025-08-24 10:00:00,,41.26009677900292,32.12908890417692,52.42870682049896,prophet,CELL-002,dfw
2025-08-24 11:00:00,,40.9626467124285,31.044059235415784,51.34648322155011,prophet,CELL-002,dfw
2025-08-24 12:00:00,,41.091110899821054,30.893356544735145,51.53009257632794,prophet,CELL-002,dfw
2025-08-24 13:00:00,,41.54153541199686,30.562090711742414,51.84354946809176,prophet,CELL-002,dfw
2025-08-24 14:00:00,,42.21766463206991,31.659289151922227,52.71245070557377,prophet,CELL-002,dfw
2025-08-24 15:00:00,,43.03199410846317,32.07979022134691,53.450131065694784,prophet,CELL-002,dfw
2025-08-24 16:00:00,,43.90664406287807,34.313298946054296,53.735718185593385,prophet,CELL-002,dfw
2025-08-24 17:00:00,,44.77404443067413,33.78774220094699,54.82771685189137,prophet,CELL-002,dfw
2025-08-24 18:00:00,,45.57742501743534,35.68142348186552,55.7489501703238,prophet,CELL-002,dfw
2025-08-24 19:00:00,,46.27110715722605,35.43308486175238,56.4432528334138,prophet,CELL-002,dfw
2025-08-24 20:00:00,,46.820596097713896,36.45619323566989,56.879346073064674,prophet,CELL-002,dfw
2025-08-24 21:00:00,,47.20247614345042,37.08076494732225,58.00930348330283,prophet,CELL-002,dfw
2025-08-24 22:00:00,,47.40411337378763,36.84877819993394,57.70749814274327,prophet,CELL-002,dfw
2025-08-24 23:00:00,,47.4231734459197,36.800876350637125,57.701276149488905,prophet,CELL-002,dfw
2025-08-25 00:00:00,,47.26696458895767,37.195027098367284,57.36059672740253,prophet,CELL-002,dfw
2025-08-25 01:00:00,,46.95161830289561,37.09423118246973,57.71617197354023,prophet,CELL-002,dfw
2025-08-25 02:00:00,,46.501122562120536,36.53460346968088,56.600202668787745,prophet,CELL-002,dfw
2025-08-25 03:00:00,,45.94622432595115,35.49907996651892,56.20787631350984,prophet,CELL-002,dfw
2025-08-25 04:00:00,,45.323220010635154,34.90732602700079,55.82086300204682,prophet,CELL-002,dfw
2025-08-25 05:00:00,,44.672654071254996,33.92358630530916,54.67771210753728,prophet,CELL-002,dfw
2025-08-25 06:00:00,,44.0379471476187,33.16095876039924,53.28711864372364,prophet,CELL-002,dfw
2025-08-25 07:00:00,,43.46397616721908,32.7118262294225,53.74969240740997,prophet,CELL-002,dfw
2025-08-25 08:00:00,,42.995629467868966,32.67701132024128,52.795843377593506,prophet,CELL-002,dfw
2025-08-25 09:00:00,,42.67636034861198,32.07829033525367,53.164701107911434,prophet,CELL-002,dfw
2025-08-25 10:00:00,,42.54676244073484,32.45909931576088,53.52032138312337,prophet,CELL-002,dfw
2025-08-25 11:00:00,,42.64319003499269,32.49652231742079,53.26520840903611,prophet,CELL-002,dfw
2025-08-25 12:00:00,,42.99644582744649,31.958558055006215,53.408216242106555,prophet,CELL-002,dfw
2025-08-25 13:00:00,,43.63055763786422,32.77071125984324,53.62242682429843,prophet,CELL-002,dfw
2025-08-25 14:00:00,,44.56166442005616,34.48469077393218,55.55086562967288,prophet,CELL-002,dfw
2025-08-25 15:00:00,,45.79703035073502,35.40290614507429,56.915796758749366,prophet,CELL-002,dfw
2025-08-25 16:00:00,,47.33420403275591,37.190470255246034,57.254501457814634,prophet,CELL-002,dfw
2025-08-25 17:00:00,,49.16033779673915,37.87220202694586,59.61040297320512,prophet,CELL-002,dfw
2025-08-25 18:00:00,,51.25167989582553,41.204186500973826,61.830372653381055,prophet,CELL-002,dfw
2025-08-25 19:00:00,,53.57324993949919,42.65005085873105,64.33062019449692,prophet,CELL-002,dfw
2025-08-25 20:00:00,,56.0787053786454,45.84712678634756,66.70603963122632,prophet,CELL-002,dfw
2025-08-25 21:00:00,,58.710404148076975,48.175662512566724,68.09096332263441,prophet,CELL-002,dfw
2025-08-25 22:00:00,,61.399665826678785,51.72424506190138,71.84878921166847,prophet,CELL-002,dfw
2025-08-25 23:00:00,,64.06723085253041,54.32876752372543,74.90340625100808,prophet,CELL-002,dfw
2025-08-26 00:00:00,,66.62391452280804,56.48259164698164,76.4694609735941,prophet,CELL-002,dfw
2025-08-26 01:00:00,,68.9714496965747,59.15073866277514,79.44809475504857,prophet,CELL-002,dfw
2025-08-26 02:00:00,,71.00350941880077,60.573716507543686,81.14667532111532,prophet,CELL-002,dfw
2025-08-26 03:00:00,,72.60689803588575,63.185251496840536,82.79995750029387,prophet,CELL-002,dfw
2025-08-26 04:00:00,,73.662896890267,64.0067136957738,83.87194045176376,prophet,CELL-002,dfw
2025-08-26 05:00:00,,74.04874837411906,63.411871979200804,83.75471626523648,prophet,CELL-002,dfw
2025-08-26 06:00:00,,73.63925997006722,63.7276201863678,83.1075478683935,prophet,CELL-002,dfw
2025-08-26 07:00:00,,72.30850807863584,61.427855294173604,82.88400619549162,prophet,CELL-002,dfw
2025-08-26 08:00:00,,69.93161969728904,59.33405513050483,80.6215706509391,prophet,CELL-002,dfw
2025-08-24 21:00:00,51.45767711617103,,,,observed,CELL-003,dfw
2025-08-24 22:00:00,49.76659340026963,,,,observed,CELL-003,dfw
2025-08-24 23:00:00,42.8827035131026,,,,observed,CELL-003,dfw
2025-08-25 00:00:00,41.706530530473145,,,,observed,CELL-003,dfw
2025-08-25 01:00:00,46.51233365942679,,,,observed,CELL-003,dfw
2025-08-25 02:00:00,36.23632882920893,,,,observed,CELL-003,dfw
2025-08-25 03:00:00,45.023410952144374,,,,observed,CELL-003,dfw
2025-08-25 04:00:00,41.94918914610992,,,,observed,CELL-003,dfw
2025-08-25 05:00:00,37.86924195505648,,,,observed,CELL-003,dfw
2025-08-25 06:00:00,49.58455176494257,,,,observed,CELL-003,dfw
2025-08-25 07:00:00,45.68181276568635,,,,observed,CELL-003,dfw
2025-08-25 08:00:00,45.802613656924045,,,,observed,CELL-003,dfw
2025-08-25 09:00:00,44.54309580712792,,,,observed,CELL-003,dfw
2025-08-25 10:00:00,44.95191627478837,,,,observed,CELL-003,dfw
2025-08-25 11:00:00,43.89114287791534,,,,observed,CELL-003,dfw
2025-08-25 12:00:00,34.00689964642144,,,,observed,CELL-003,dfw
2025-08-25 13:00:00,59.05371636380834,,,,observed,CELL-003,dfw
2025-08-25 14:00:00,52.01651140151565,,,,observed,CELL-003,dfw
2025-08-25 15:00:00,36.963422650251715,,,,observed,CELL-003,dfw
2025-08-25 16:00:00,74.39378926802637,,,,observed,CELL-003,dfw
2025-08-25 17:00:00,93.25176925949195,,,,observed,CELL-003,dfw
2025-08-25 18:00:00,45.69801936500839,,,,observed,CELL-003,dfw
2025-08-25 19:00:00,41.081455515274115,,,,observed,CELL-003,dfw
2025-08-25 20:00:00,38.86302389574617,,,,observed,CELL-003,dfw
2025-08-24 08:00:00,,39.733915521361354,26.696537831522217,51.733878539351245,prophet,CELL-003,dfw
2025-08-24 09:00:00,,41.98536050646012,29.815745100840566,54.837260777800225,prophet,CELL-003,dfw
2025-08-24 10:00:00,,43.93500097110464,32.64282740011494,56.34548620163308,prophet,CELL-003,dfw
2025-08-24 11:00:00,,45.54215101232789,33.803775234077406,58.159313999979624,prophet,CELL-003,dfw
2025-08-24 12:00:00,,46.782004803246714,34.64962581292707,58.401171872255524,prophet,CELL-003,dfw
2025-08-24 13:00:00,,47.645101670717665,35.01945329402258,59.11751546735045,prophet,CELL-003,dfw
2025-08-24 14:00:00,,48.136516504124714,36.101740040982946,60.495069436665986,prophet,CELL-003,dfw
2025-08-24 15:00:00,,48.274790936106875,35.58618274836399,59.44198783338218,prophet,CELL-003,dfw
2025-08-24 16:00:00,,48.0906244244163,36.907877616730076,61.59611403645288,prophet,CELL-003,dfw
2025-08-24 17:00:00,,47.625347829906076,34.78738984247782,60.46475944042628,prophet,CELL-003,dfw
2025-08-24 18:00:00,,46.92920519440877,35.074572838552676,58.82519753845226,prophet,CELL-003,dfw
2025-08-24 19:00:00,,46.05947216663866,33.632806105376154,58.375004732983896,prophet,CELL-003,dfw
2025-08-24 20:00:00,,45.078441952044884,32.9160583004968,57.787545628661626,prophet,CELL-003,dfw
2025-08-24 21:00:00,,44.05131155337656,31.759992463759847,55.39106252922456,prophet,CELL-003,dfw
2025-08-24 22:00:00,,43.04400258748195,30.97095163589864,55.28898197812077,prophet,CELL-003,dfw
2025-08-24 23:00:00,,42.12095197838183,29.36709052385535,54.17094155247701,prophet,CELL-003,dfw
2025-08-25 00:00:00,,41.34290838815962,29.02353150026773,53.44348187362472,prophet,CELL-003,dfw
2025-08-25 01:00:00,,40.76477022981227,28.205820242856163,53.1084724200506,prophet,CELL-003,dfw
2025-08-25 02:00:00,,40.43350073227376,27.846280796478624,52.8341420429172,prophet,CELL-003,dfw
2025-08-25 03:00:00,,40.38615450226578,28.52934096475677,53.00377262213744,prophet,CELL-003,dfw
2025-08-25 04:00:00,,40.64804868852231,29.089630734410772,53.436593421427325,prophet,CELL-003,dfw
2025-08-25 05:00:00,,41.23110989274201,29.065721770846874,54.016526988585056,prophet,CELL-003,dfw
2025-08-25 06:00:00,,42.132425719778425,30.404687100440125,54.23497956125148,prophet,CELL-003,dfw
2025-08-25 07:00:00,,43.3330270883819,32.2581740350627,55.52668399295244,prophet,CELL-003,dfw
2025-08-25 08:00:00,,44.796924345752984,31.74555932431465,57.24623068448447,prophet,CELL-003,dfw
2025-08-25 09:00:00,,46.470416820747616,34.341469666361434,59.02156327115765,prophet,CELL-003,dfw
2025-08-25 10:00:00,,48.28169166464684,36.18374893795662,60.38732523073678,prophet,CELL-003,dfw
2025-08-25 11:00:00,,50.140723970079904,37.89307135230847,63.18544029103102,prophet,CELL-003,dfw
2025-08-25 12:00:00,,51.93948592199678,40.028633823681005,63.33317429411375,prophet,CELL-003,dfw
2025-08-25 13:00:00,,53.55246850793891,40.28611257389745,66.40023055312831,prophet,CELL-003,dfw
2025-08-25 14:00:00,,54.837514946038695,41.66447779252969,66.59981122722539,prophet,CELL-003,dfw
2025-08-25 15:00:00,,55.636960600412195,43.92082923588077,67.15137088273822,prophet,CELL-003,dfw
2025-08-25 16:00:00,,55.779069810216185,43.84371046537116,67.62185117383603,prophet,CELL-003,dfw
2025-08-25 17:00:00,,55.079755815452586,43.03279436707315,67.65435609583638,prophet,CELL-003,dfw
2025-08-25 18:00:00,,53.34456586285711,40.80619275480579,66.09978926212645,prophet,CELL-003,dfw
2025-08-25 19:00:00,,50.370909656599196,38.1707797802307,62.633060438272764,prophet,CELL-003,dfw
2025-08-25 20:00:00,,45.950505704992295,33.114346352935385,58.41503546997643,prophet,CELL-003,dfw
2025-08-25 21:00:00,,39.87201673525914,28.627187600524877,51.95828199986282,prophet,CELL-003,dfw
2025-08-25 22:00:00,,31.92384241644038,19.667978515533417,44.35192692014857,prophet,CELL-003,dfw
2025-08-25 23:00:00,,21.897034962952688,10.486710979509768,34.4387126384568,prophet,CELL-003,dfw
2025-08-26 00:00:00,,9.588301076262098,-2.7071070935880734,22.47190034663793,prophet,CELL-003,dfw
2025-08-26 01:00:00,,-5.196948066421214,-17.380143879170248,7.654684726513355,prophet,CELL-003,dfw
2025-08-26 02:00:00,,-22.641538293737653,-35.411741256165946,-10.650771259899795,prophet,CELL-003,dfw
2025-08-26 03:00:00,,-42.9135056447447,-55.482874820634876,-30.907392872553462,prophet,CELL-003,dfw
2025-08-26 04:00:00,,-66.16314176396288,-79.02666450332026,-54.41498734079271,prophet,CELL-003,dfw
2025-08-26 05:00:00,,-92.52015166264101,-104.88124111726745,-80.3193350586003,prophet,CELL-003,dfw
2025-08-26 06:00:00,,-122.0909632274876,-133.13622308283757,-109.30989179104132,prophet,CELL-003,dfw
2025-08-26 07:00:00,,-154.95622644181074,-167.31625847501357,-142.48024457937237,prophet,CELL-003,dfw
2025-08-26 08:00:00,,-191.1685386220019,-203.6350125757972,-179.02446180600063,prophet,CELL-003,dfw
2025-08-24 21:00:00,41.502244380322814,,,,observed,CELL-004,dfw
2025-08-24 22:00:00,53.07623284293605,,,,observed,CELL-004,dfw
2025-08-24 23:00:00,39.147259029917464,,,,observed,CELL-004,dfw
2025-08-25 00:00:00,35.19552432466545,,,,observed,CELL-004,dfw
2025-08-25 01:00:00,36.40784786794046,,,,observed,CELL-004,dfw
2025-08-25 02:00:00,44.5476857913423,,,,observed,CELL-004,dfw
2025-08-25 03:00:00,43.08370313128428,,,,observed,CELL-004,dfw
2025-08-25 04:00:00,41.22069154691475,,,,observed,CELL-004,dfw
2025-08-25 05:00:00,41.43044174712976,,,,observed,CELL-004,dfw
2025-08-25 06:00:00,41.92026914186104,,,,observed,CELL-004,dfw
2025-08-25 07:00:00,39.811701426801505,,,,observed,CELL-004,dfw
2025-08-25 08:00:00,41.5670189771473,,,,observed,CELL-004,dfw
2025-08-25 09:00:00,45.95949160696867,,,,observed,CELL-004,dfw
2025-08-25 10:00:00,99.66397205919029,,,,observed,CELL-004,dfw
2025-08-25 11:00:00,87.42997801512804,,,,observed,CELL-004,dfw
2025-08-25 12:00:00,40.975853281835526,,,,observed,CELL-004,dfw
2025-08-25 13:00:00,45.77617477846654,,,,observed,CELL-004,dfw
2025-08-25 14:00:00,45.34401741699719,,,,observed,CELL-004,dfw
2025-08-25 15:00:00,44.213312705344414,,,,observed,CELL-004,dfw
2025-08-25 16:00:00,39.642507535333706,,,,observed,CELL-004,dfw
2025-08-25 17:00:00,48.25616071025097,,,,observed,CELL-004,dfw
2025-08-25 18:00:00,47.20364021260916,,,,observed,CELL-004,dfw
2025-08-25 19:00:00,44.86266872192291,,,,observed,CELL-004,dfw
2025-08-25 20:00:00,45.90225945372603,,,,observed,CELL-004,dfw
2025-08-24 08:00:00,,40.77162678954999,26.436396334593407,54.27196820429386,prophet,CELL-004,dfw
2025-08-24 09:00:00,,42.22690522514721,27.6173974561695,56.069128680645576,prophet,CELL-004,dfw
2025-08-24 10:00:00,,43.112059879267186,28.65015144056028,57.295789800694216,prophet,CELL-004,dfw
2025-08-24 11:00:00,,43.5267690033718,29.808477762523772,56.59741288905061,prophet,CELL-004,dfw
2025-08-24 12:00:00,,43.56815418995939,29.126081174031246,57.90284677937515,prophet,CELL-004,dfw
2025-08-24 13:00:00,,43.32936873770966,29.032257232663877,57.51770093734901,prophet,CELL-004,dfw
2025-08-24 14:00:00,,42.89828924303805,28.337435362335043,56.054821168679055,prophet,CELL-004,dfw
2025-08-24 15:00:00,,42.35632732735175,28.23743167060763,56.490598837178155,prophet,CELL-004,dfw
2025-08-24 16:00:00,,41.777376619672765,28.058326591442555,56.34515378782709,prophet,CELL-004,dfw
2025-08-24 17:00:00,,41.22690810319633,27.105293698331124,55.46200218770829,prophet,CELL-004,dfw
2025-08-24 18:00:00,,40.76122478913392,26.32050728246067,54.50142427064759,prophet,CELL-004,dfw
2025-08-24 19:00:00,,40.42688438317945,26.319459544516647,55.284807837507,prophet,CELL-004,dfw
2025-08-24 20:00:00,,40.26029621374164,26.761346514224872,53.94558914216197,prophet,CELL-004,dfw
2025-08-24 21:00:00,,40.287496219531945,25.90202490157949,53.95330839177848,prophet,CELL-004,dfw
2025-08-24 22:00:00,,40.52410128229514,26.434108443760493,55.971983349738146,prophet,CELL-004,dfw
2025-08-24 23:00:00,,40.97544167534416,26.3487278045382,54.82668350471334,prophet,CELL-004,dfw
2025-08-25 00:00:00,,41.63686789196943,28.092800541178406,56.762639474719734,prophet,CELL-004,dfw
2025-08-25 01:00:00,,42.494225700649594,27.921823747939992,56.08016606762595,prophet,CELL-004,dfw
2025-08-25 02:00:00,,43.52449090574705,29.04169943253351,57.23941050188479,prophet,CELL-004,dfw
2025-08-25 03:00:00,,44.69655309348008,31.14930199676566,59.31550103178713,prophet,CELL-004,dfw
2025-08-25 04:00:00,,45.97213553326622,30.344192774915335,60.352189613598284,prophet,CELL-004,dfw
2025-08-25 05:00:00,,47.30683654518944,34.06886274034631,61.77855219194949,prophet,CELL-004,dfw
2025-08-25 06:00:00,,48.65127591407145,33.032848099188676,63.51495037834766,prophet,CELL-004,dfw
2025-08-25 07:00:00,,49.95232848049632,35.05537298591428,63.89054660768695,prophet,CELL-004,dfw
2025-08-25 08:00:00,,51.15442580116813,36.38510323453026,65.86633973648033,prophet,CELL-004,dfw
2025-08-25 09:00:00,,52.20090579568688,37.54857606968764,66.45322011493121,prophet,CELL-004,dfw
2025-08-25 10:00:00,,53.03538962435414,38.739292298350286,68.34885358175303,prophet,CELL-004,dfw
2025-08-25 11:00:00,,53.60316459070472,39.11878003102237,67.76671321280793,prophet,CELL-004,dfw
2025-08-25 12:00:00,,53.85255176887021,39.41981698731426,67.73326573579362,prophet,CELL-004,dfw
2025-08-25 13:00:00,,53.73623719897161,39.51847342810525,66.79566392494512,prophet,CELL-004,dfw
2025-08-25 14:00:00,,53.212545940375676,39.03572531029536,67.59670226441919,prophet,CELL-004,dfw
2025-08-25 15:00:00,,52.24663902299956,37.96413547163055,65.99533449756564,prophet,CELL-004,dfw
2025-08-25 16:00:00,,50.81161430812172,37.1877147683565,65.55442818182743,prophet,CELL-004,dfw
2025-08-25 17:00:00,,48.88949357404595,34.61675115731339,64.22760670577902,prophet,CELL-004,dfw
2025-08-25 18:00:00,,46.4720796042882,32.362737100741555,60.45627926811042,prophet,CELL-004,dfw
2025-08-25 19:00:00,,43.56166882621213,29.149690935091307,58.42154898599586,prophet,CELL-004,dfw
2025-08-25 20:00:00,,40.17160694729584,25.87530282328827,53.5465513755582,prophet,CELL-004,dfw
2025-08-25 21:00:00,,36.32667717101488,22.083727860851173,50.5795385810474,prophet,CELL-004,dfw
2025-08-25 22:00:00,,32.06331282053323,17.53613058864697,46.423049097222005,prophet,CELL-004,dfw
2025-08-25 23:00:00,,27.42962857770696,13.68048611434073,41.28184880924515,prophet,CELL-004,dfw
2025-08-26 00:00:00,,22.485267016308136,7.380778521496166,36.690522540060016,prophet,CELL-004,dfw
2025-08-26 01:00:00,,17.301059647178683,3.792866956071646,31.018631932723924,prophet,CELL-004,dfw
2025-08-26 02:00:00,,11.958504216400264,-1.5345180727492613,25.76862815958044,prophet,CELL-004,dfw
2025-08-26 03:00:00,,6.549062566749392,-8.411709460730048,20.277376856136534,prophet,CELL-004,dfw
2025-08-26 04:00:00,,1.1732858704568585,-13.86231337459553,14.309257770598728,prophet,CELL-004,dfw
2025-08-26 05:00:00,,-4.060223554248353,-16.891704028860552,10.662414474402592,prophet,CELL-004,dfw
2025-08-26 06:00:00,,-9.036002272936813,-22.70993885454444,5.012859353781373,prophet,CELL-004,dfw
2025-08-26 07:00:00,,-13.633053904703175,-28.263908220804577,-0.05757041376693087,prophet,CELL-004,dfw
2025-08-26 08:00:00,,-17.72629964109266,-32.3933149841079,-4.184977707409448,prophet,CELL-004,dfw
2025-08-24 21:00:00,40.91316227361838,,,,observed,CELL-005,dfw
2025-08-24 22:00:00,33.01062238874378,,,,observed,CELL-005,dfw
2025-08-24 23:00:00,47.37096705958638,,,,observed,CELL-005,dfw
2025-08-25 00:00:00,47.45218530219155,,,,observed,CELL-005,dfw
2025-08-25 01:00:00,47.11837936260642,,,,observed,CELL-005,dfw
2025-08-25 02:00:00,53.988232798763825,,,,observed,CELL-005,dfw
2025-08-25 03:00:00,39.99105097307774,,,,observed,CELL-005,dfw
2025-08-25 04:00:00,37.01302641713126,,,,observed,CELL-005,dfw
2025-08-25 05:00:00,37.258759411429395,,,,observed,CELL-005,dfw
2025-08-25 06:00:00,36.58104748425996,,,,observed,CELL-005,dfw
2025-08-25 07:00:00,44.05763993303567,,,,observed,CELL-005,dfw
2025-08-25 08:00:00,42.117417430167826,,,,observed,CELL-005,dfw
2025-08-25 09:00:00,35.054353704718096,,,,observed,CELL-005,dfw
2025-08-25 10:00:00,99.4142052823294,,,,observed,CELL-005,dfw
2025-08-25 11:00:00,45.781288793009466,,,,observed,CELL-005,dfw
2025-08-25 12:00:00,56.838111001831486,,,,observed,CELL-005,dfw
2025-08-25 13:00:00,36.50215484535576,,,,observed,CELL-005,dfw
2025-08-25 14:00:00,39.8260054046214,,,,observed,CELL-005,dfw
2025-08-25 15:00:00,43.45365115340647,,,,observed,CELL-005,dfw
2025-08-25 16:00:00,46.936841867894685,,,,observed,CELL-005,dfw
2025-08-25 17:00:00,35.2232463096268,,,,observed,CELL-005,dfw
2025-08-25 18:00:00,40.88223187153816,,,,observed,CELL-005,dfw
2025-08-25 19:00:00,43.209125582344896,,,,observed,CELL-005,dfw
2025-08-25 20:00:00,47.36289990849424,,,,observed,CELL-005,dfw
2025-08-24 08:00:00,,38.680670019078065,25.438471369553685,52.38394484844941,prophet,CELL-005,dfw
2025-08-24 09:00:00,,41.39757575710558,28.42916125175494,54.17402534310182,prophet,CELL-005,dfw
2025-08-24 10:00:00,,43.3717569789546,29.248673757251268,57.675539162935515,prophet,CELL-005,dfw
2025-08-24 11:00:00,,44.71461914684313,31.96691655901519,57.714850523529485,prophet,CELL-005,dfw
2025-08-24 12:00:00,,45.53356956835538,32.58701445551112,58.96147340806051,prophet,CELL-005,dfw
2025-08-24 13:00:00,,45.93068496612641,31.57741729783446,59.904745068929635,prophet,CELL-005,dfw
2025-08-24 14:00:00,,46.00151934090454,32.70065396913428,59.56813582340345,prophet,CELL-005,dfw
2025-08-24 15:00:00,,45.834066041272045,30.48738813808779,59.605666199099105,prophet,CELL-005,dfw
2025-08-24 16:00:00,,45.50788564033215,31.919118096795803,58.79100650631459,prophet,CELL-005,dfw
2025-08-24 17:00:00,,45.09340872310962,31.637823394767157,59.254358626973676,prophet,CELL-005,dfw
2025-08-24 18:00:00,,44.65142014065643,31.238428940345795,58.482011523239656,prophet,CELL-005,dfw
2025-08-24 19:00:00,,44.23272863732307,30.603856431964385,58.99583477846135,prophet,CELL-005,dfw
2025-08-24 20:00:00,,43.878023073231795,30.18562729781343,57.33207432062209,prophet,CELL-005,dfw
2025-08-24 21:00:00,,43.61791380007285,29.528996209678382,57.19557859782288,prophet,CELL-005,dfw
2025-08-24 22:00:00,,43.47315510466488,31.27082915836292,56.50860961357275,prophet,CELL-005,dfw
2025-08-24 23:00:00,,43.45504206669979,30.514760903730938,57.607743126329936,prophet,CELL-005,dfw
2025-08-25 00:00:00,,43.565972703870756,29.332529258296628,56.91092968760026,prophet,CELL-005,dfw
2025-08-25 01:00:00,,43.8001639754372,30.28456550380687,57.23181344969733,prophet,CELL-005,dfw
2025-08-25 02:00:00,,44.14450802240735,31.28141391056375,57.898217767632175,prophet,CELL-005,dfw
2025-08-25 03:00:00,,44.579553102585066,32.13410083012583,57.980969452946795,prophet,CELL-005,dfw
2025-08-25 04:00:00,,45.08059188680388,31.578721559196307,58.90653596054851,prophet,CELL-005,dfw
2025-08-25 05:00:00,,45.61883833923844,31.716530171199164,58.569899754811544,prophet,CELL-005,dfw
2025-08-25 06:00:00,,46.16267313457497,32.24606122599348,59.74687891188836,prophet,CELL-005,dfw
2025-08-25 07:00:00,,46.67893663566652,33.59756685705327,60.29966876912746,prophet,CELL-005,dfw
2025-08-25 08:00:00,,47.134247788591345,33.80622243665783,60.4236940928408,prophet,CELL-005,dfw
2025-08-25 09:00:00,,47.49632692494275,34.68999649744853,60.979877063988745,prophet,CELL-005,dfw
2025-08-25 10:00:00,,47.73530044650438,32.71826105017037,60.96744235092516,prophet,CELL-005,dfw
2025-08-25 11:00:00,,47.82493851109735,34.74737393010934,62.15238268985612,prophet,CELL-005,dfw
2025-08-25 12:00:00,,47.74393979580147,34.478671815357075,62.22329551929736,prophet,CELL-005,dfw
2025-08-25 13:00:00,,47.47697237250044,33.63750684881027,60.93044321291184,prophet,CELL-005,dfw
2025-08-25 14:00:00,,47.01572203094304,33.78872702696947,60.49253042658868,prophet,CELL-005,dfw
2025-08-25 15:00:00,,46.35979493816337,33.717632375590185,60.81989792838754,prophet,CELL-005,dfw
2025-08-25 16:00:00,,45.5174855102182,31.666090196431508,59.485022808704436,prophet,CELL-005,dfw
2025-08-25 17:00:00,,44.50639523641862,30.353975124527476,57.94113827605357,prophet,CELL-005,dfw
2025-08-25 18:00:00,,43.353890251013596,29.772706936945607,56.19019512212653,prophet,CELL-005,dfw
2025-08-25 19:00:00,,42.09738775847556,28.93463210542248,56.301728843287435,prophet,CELL-005,dfw
2025-08-25 20:00:00,,40.78446380471032,27.197160413122486,53.79920354395157,prophet,CELL-005,dfw
2025-08-25 21:00:00,,39.47277744894943,26.462424998319175,52.53756110247148,prophet,CELL-005,dfw
2025-08-25 22:00:00,,38.22980898519424,24.784435598649285,51.523117883225844,prophet,CELL-005,dfw
2025-08-25 23:00:00,,37.132412541193425,23.643591760916564,51.36440205879727,prophet,CELL-005,dfw
2025-08-26 00:00:00,,36.266186046463275,22.941218754825893,50.37365595811849,prophet,CELL-005,dfw
2025-08-26 01:00:00,,35.72466423115102,22.742007519122076,49.27875152214745,prophet,CELL-005,dfw
2025-08-26 02:00:00,,35.60834288663017,22.98133339771163,49.02604153680088,prophet,CELL-005,dfw
2025-08-26 03:00:00,,36.02354514073828,23.391655918785563,49.573901235344124,prophet,CELL-005,dfw
2025-08-26 04:00:00,,37.08114286814775,23.9442416812711,49.94296313972221,prophet,CELL-005,dfw
2025-08-26 05:00:00,,38.89514855902933,25.469583273593788,52.24819798212361,prophet,CELL-005,dfw
2025-08-26 06:00:00,,41.581195027487624,27.65872673072383,54.619628575166686,prophet,CELL-005,dfw
2025-08-26 07:00:00,,45.254922092874736,31.773714542392394,58.05139704752014,prophet,CELL-005,dfw
2025-08-26 08:00:00,,50.03029103136149,36.46593290939797,63.712927009577754,prophet,CELL-005,dfw
2025-08-24 21:00:00,52.47065077176272,,,,observed,CELL-006,dfw
2025-08-24 22:00:00,42.742071475711555,,,,observed,CELL-006,dfw
2025-08-24 23:00:00,44.10639226059851,,,,observed,CELL-006,dfw
2025-08-25 00:00:00,45.80709371507909,,,,observed,CELL-006,dfw
2025-08-25 01:00:00,43.350293224250976,,,,observed,CELL-006,dfw
2025-08-25 02:00:00,45.429476842172946,,,,observed,CELL-006,dfw
2025-08-25 03:00:00,37.672636546797534,,,,observed,CELL-006,dfw
2025-08-25 04:00:00,39.03923361788742,,,,observed,CELL-006,dfw
2025-08-25 05:00:00,35.65699473948257,,,,observed,CELL-006,dfw
2025-08-25 06:00:00,48.48155515077129,,,,observed,CELL-006,dfw
2025-08-25 07:00:00,57.02472797084318,,,,observed,CELL-006,dfw
2025-08-25 08:00:00,40.555417783004856,,,,observed,CELL-006,dfw
2025-08-25 09:00:00,39.45768454527226,,,,observed,CELL-006,dfw
2025-08-25 10:00:00,48.14883835337288,,,,observed,CELL-006,dfw
2025-08-25 11:00:00,40.38823737508589,,,,observed,CELL-006,dfw
2025-08-25 12:00:00,54.0828240932149,,,,observed,CELL-006,dfw
2025-08-25 13:00:00,92.62805279930924,,,,observed,CELL-006,dfw
2025-08-25 14:00:00,47.78494840344466,,,,observed,CELL-006,dfw
2025-08-25 15:00:00,45.64182478269839,,,,observed,CELL-006,dfw
2025-08-25 16:00:00,38.33472326249088,,,,observed,CELL-006,dfw
2025-08-25 17:00:00,47.98141406945419,,,,observed,CELL-006,dfw
2025-08-25 18:00:00,58.28516048337759,,,,observed,CELL-006,dfw
2025-08-25 19:00:00,31.584674879214244,,,,observed,CELL-006,dfw
2025-08-25 20:00:00,35.949602174413094,,,,observed,CELL-006,dfw
2025-08-24 08:00:00,,41.39101683286895,29.467241677548095,52.61194135824725,prophet,CELL-006,dfw
2025-08-24 09:00:00,,42.68362402510093,31.310207050012146,53.44232155143887,prophet,CELL-006,dfw
2025-08-24 10:00:00,,43.849732405881795,33.45943539966225,55.20663567870932,prophet,CELL-006,dfw
2025-08-24 11:00:00,,44.84070602623724,34.251705279439285,56.457700265116785,prophet,CELL-006,dfw
2025-08-24 12:00:00,,45.622847513835325,34.370969470077355,57.68644374993591,prophet,CELL-006,dfw
2025-08-24 13:00:00,,46.176861951371265,35.3741224527821,56.86734483168751,prophet,CELL-006,dfw
2025-08-24 14:00:00,,46.49705716276671,35.6472709390357,57.942877338987714,prophet,CELL-006,dfw
2025-08-24 15:00:00,,46.590296722869596,34.30889365951692,57.33068410730417,prophet,CELL-006,dfw
2025-08-24 16:00:00,,46.47472552722053,35.91009077287147,58.31298464821432,prophet,CELL-006,dfw
2025-08-24 17:00:00,,46.178291067209585,36.145564859554206,57.09112332567551,prophet,CELL-006,dfw
2025-08-24 18:00:00,,45.737086444435896,34.94798438677588,56.473958675725925,prophet,CELL-006,dfw
2025-08-24 19:00:00,,45.19354370957992,34.528087671119536,56.64116250735792,prophet,CELL-006,dfw
2025-08-24 20:00:00,,44.59450834687055,33.182064468578155,54.833722056952325,prophet,CELL-006,dfw
2025-08-24 21:00:00,,43.98922737390263,32.24530585459668,54.86648449993697,prophet,CELL-006,dfw
2025-08-24 22:00:00,,43.42728485254124,32.38268791257272,55.30945073023201,prophet,CELL-006,dfw
2025-08-24 23:00:00,,42.956519390885546,31.13917805605667,54.92280426673288,prophet,CELL-006,dfw
2025-08-25 00:00:00,,42.62095857457742,31.74360861191749,54.542006463402984,prophet,CELL-006,dfw
2025-08-25 01:00:00,,42.458805049957924,30.66624004414539,53.590414646663525,prophet,CELL-006,dfw
2025-08-25 02:00:00,,42.50050840719011,31.40661219629614,53.53697851826583,prophet,CELL-006,dfw
2025-08-25 03:00:00,,42.76695580906778,32.379926752482916,53.812334313620774,prophet,CELL-006,dfw
2025-08-25 04:00:00,,43.26781281971167,32.31279584451962,54.32236496802686,prophet,CELL-006,dfw
2025-08-25 05:00:00,,44.000043757637286,32.399939876877056,55.47841631435102,prophet,CELL-006,dfw
2025-08-25 06:00:00,,44.946638553449446,33.99648048960001,56.50363902846587,prophet,CELL-006,dfw
2025-08-25 07:00:00,,46.07557018453657,35.46275420150078,57.63283665001835,prophet,CELL-006,dfw
2025-08-25 08:00:00,,47.33900364221809,35.978415965517215,59.55340470244304,prophet,CELL-006,dfw
2025-08-25 09:00:00,,48.672773891150555,37.819894513812606,60.60378627396338,prophet,CELL-006,dfw
2025-08-25 10:00:00,,49.99614649412351,38.593638364503036,61.47697358644849,prophet,CELL-006,dfw
2025-08-25 11:00:00,,51.21187071914288,39.471942426730955,61.782796435160854,prophet,CELL-006,dfw
2025-08-25 12:00:00,,52.2065307232437,41.453499413784485,63.878635766258505,prophet,CELL-006,dfw
2025-08-25 13:00:00,,52.85119626455749,41.39695801264064,65.1059451947518,prophet,CELL-006,dfw
2025-08-25 14:00:00,,53.00237009518004,41.53786763681093,63.65594599258444,prophet,CELL-006,dfw
2025-08-25 15:00:00,,52.503224930055026,41.07026340192629,63.36820467718981,prophet,CELL-006,dfw
2025-08-25 16:00:00,,51.18511866920194,41.025522176090185,62.478770827590026,prophet,CELL-006,dfw
2025-08-25 17:00:00,,48.86937248812812,37.96249217502456,60.1289666572434,prophet,CELL-006,dfw
2025-08-25 18:00:00,,45.36929249289551,34.594288306796145,56.81120094725394,prophet,CELL-006,dfw
2025-08-25 19:00:00,,40.49241193936078,28.84680447465671,51.431368089141934,prophet,CELL-006,dfw
2025-08-25 20:00:00,,34.04292762004728,23.24206136634196,45.6444228127052,prophet,CELL-006,dfw
2025-08-25 21:00:00,,25.824300902972695,15.445604933090129,37.45716906405363,prophet,CELL-006,dfw
2025-08-25 22:00:00,,15.641991230399668,3.8866258795608752,26.95646841124199,prophet,CELL-006,dfw
2025-08-25 23:00:00,,3.30628748636083,-7.696700190049229,14.19400058016608,prophet,CELL-006,dfw
2025-08-26 00:00:00,,-11.364799187897006,-22.600212048365936,0.0037523710307854584,prophet,CELL-006,dfw
2025-08-26 01:00:00,,-28.542619015523798,-39.27994984386249,-17.615027520494813,prophet,CELL-006,dfw
2025-08-26 02:00:00,,-48.38498247963338,-60.4568979930786,-36.9531028544217,prophet,CELL-006,dfw
2025-08-26 03:00:00,,-71.03331377263416,-82.15803032536712,-60.081936246427816,prophet,CELL-006,dfw
2025-08-26 04:00:00,,-96.60989801637668,-107.5269579830888,-85.36578176106579,prophet,CELL-006,dfw
2025-08-26 05:00:00,,-125.21526092614009,-137.344402940034,-113.26984655327851,prophet,CELL-006,dfw
2025-08-26 06:00:00,,-156.92571852679558,-168.37144369925957,-145.83885924678654,prophet,CELL-006,dfw
2025-08-26 07:00:00,,-191.7911328826691,-203.50731353428674,-180.60905029972017,prophet,CELL-006,dfw
2025-08-26 08:00:00,,-229.83290791758657,-240.39481747921064,-218.54574570437165,prophet,CELL-006,dfw
2025-08-24 21:00:00,41.58206231360397,,,,observed,CELL-007,dfw
2025-08-24 22:00:00,91.28319312563366,,,,observed,CELL-007,dfw
2025-08-24 23:00:00,48.568228909984775,,,,observed,CELL-007,dfw
2025-08-25 00:00:00,47.27274210820213,,,,observed,CELL-007,dfw
2025-08-25 01:00:00,48.18226853655902,,,,observed,CELL-007,dfw
2025-08-25 02:00:00,46.01280189227405,,,,observed,CELL-007,dfw
2025-08-25 03:00:00,42.34872438609017,,,,observed,CELL-007,dfw
2025-08-25 04:00:00,42.916818171874844,,,,observed,CELL-007,dfw
2025-08-25 05:00:00,41.829487597131845,,,,observed,CELL-007,dfw
2025-08-25 06:00:00,57.94944452792982,,,,observed,CELL-007,dfw
2025-08-25 07:00:00,42.00607209434325,,,,observed,CELL-007,dfw
2025-08-25 08:00:00,46.923725647204186,,,,observed,CELL-007,dfw
2025-08-25 09:00:00,40.3390470726535,,,,observed,CELL-007,dfw
2025-08-25 10:00:00,48.17919660797516,,,,observed,CELL-007,dfw
2025-08-25 11:00:00,49.50148423261943,,,,observed,CELL-007,dfw
2025-08-25 12:00:00,42.3306957470999,,,,observed,CELL-007,dfw
2025-08-25 13:00:00,45.13284274662905,,,,observed,CELL-007,dfw
2025-08-25 14:00:00,41.40946473651836,,,,observed,CELL-007,dfw
2025-08-25 15:00:00,45.16695466962661,,,,observed,CELL-007,dfw
2025-08-25 16:00:00,48.98912611563899,,,,observed,CELL-007,dfw
2025-08-25 17:00:00,48.72651793995067,,,,observed,CELL-007,dfw
2025-08-25 18:00:00,56.19376637763252,,,,observed,CELL-007,dfw
2025-08-25 19:00:00,40.92186724075293,,,,observed,CELL-007,dfw
2025-08-25 20:00:00,33.92925813734275,,,,observed,CELL-007,dfw
2025-08-24 08:00:00,,43.9228361321172,32.60375555563011,55.95950211667073,prophet,CELL-007,dfw
2025-08-24 09:00:00,,44.03212779827692,31.88447029759145,55.81789434791298,prophet,CELL-007,dfw
2025-08-24 10:00:00,,44.38818140906243,33.08877155154174,55.72902291591479,prophet,CELL-007,dfw
2025-08-24 11:00:00,,44.91831439413484,33.777219594812735,56.740329094218616,prophet,CELL-007,dfw
2025-08-24 12:00:00,,45.55702409496021,33.81745471170998,56.46135483591711,prophet,CELL-007,dfw
2025-08-24 13:00:00,,46.246543635156726,34.710661190246704,56.728657750771774,prophet,CELL-007,dfw
2025-08-24 14:00:00,,46.937234908336585,35.776971419091,57.85275680342722,prophet,CELL-007,dfw
2025-08-24 15:00:00,,47.58781582260366,36.49864188420147,59.201569609992646,prophet,CELL-007,dfw
2025-08-24 16:00:00,,48.16542138104893,36.51581548622848,59.18415131840843,prophet,CELL-007,dfw
2025-08-24 17:00:00,,48.64550064457322,37.10389215442879,60.140917049659556,prophet,CELL-007,dfw
2025-08-24 18:00:00,,49.01155398877815,37.189971491552754,60.045669607068895,prophet,CELL-007,dfw
2025-08-24 19:00:00,,49.25471741414373,38.27473202913108,60.03603454837312,prophet,CELL-007,dfw
2025-08-24 20:00:00,,49.37320290237784,37.93001645577432,61.0111494598065,prophet,CELL-007,dfw
2025-08-24 21:00:00,,49.37160587037394,38.003003249116134,61.19161882596729,prophet,CELL-007,dfw
2025-08-24 22:00:00,,49.26009273775642,37.88521131969343,60.260548209550855,prophet,CELL-007,dfw
2025-08-24 23:00:00,,49.053483335756255,36.96654740356129,60.98483076020231,prophet,CELL-007,dfw
2025-08-25 00:00:00,,48.7702444614135,36.99728734284225,60.40036339976225,prophet,CELL-007,dfw
2025-08-25 01:00:00,,48.43141213198457,37.09744699814915,59.76550707306395,prophet,CELL-007,dfw
2025-08-25 02:00:00,,48.0594612030106,36.72600738067831,59.72809754990968,prophet,CELL-007,dfw
2025-08-25 03:00:00,,47.67714174301993,37.38969687003201,59.39152078861701,prophet,CELL-007,dfw
2025-08-25 04:00:00,,47.30630216586111,36.27808190090318,58.89036076806522,prophet,CELL-007,dfw
2025-08-25 05:00:00,,46.96671927885127,35.89312901442157,59.19991461719061,prophet,CELL-007,dfw
2025-08-25 06:00:00,,46.674955410189995,35.34056175185845,57.95701879827064,prophet,CELL-007,dfw
2025-08-25 07:00:00,,46.44326243773436,35.31356192410693,57.17364588189838,prophet,CELL-007,dfw
2025-08-25 08:00:00,,46.27855194921212,34.29311044459382,57.97852364552257,prophet,CELL-007,dfw
2025-08-25 09:00:00,,46.18144987851031,34.42486604494918,57.22299204166251,prophet,CELL-007,dfw
2025-08-25 10:00:00,,46.14545281371856,34.7958485129897,58.41562751404016,prophet,CELL-007,dfw
2025-08-25 11:00:00,,46.1562018237837,35.867946397522616,58.2755010433328,prophet,CELL-007,dfw
2025-08-25 12:00:00,,46.19088802293146,35.53839797583882,57.766476071659305,prophet,CELL-007,dfw
2025-08-25 13:00:00,,46.21780225081394,34.60787345769715,57.002828154822836,prophet,CELL-007,dfw
2025-08-25 14:00:00,,46.19603930122958,34.81500971245995,57.848981321810584,prophet,CELL-007,dfw
2025-08-25 15:00:00,,46.075364923852845,34.81750716496051,57.57941950548786,prophet,CELL-007,dfw
2025-08-25 16:00:00,,45.796251570532824,34.87494056220121,56.92646346731871,prophet,CELL-007,dfw
2025-08-25 17:00:00,,45.290086447728044,33.95379593986397,56.70082924576609,prophet,CELL-007,dfw
2025-08-25 18:00:00,,44.479553013423065,33.2275452136282,55.309165325428495,prophet,CELL-007,dfw
2025-08-25 19:00:00,,43.27918453692859,32.95293486077984,55.038207444043465,prophet,CELL-007,dfw
2025-08-25 20:00:00,,41.59608588012022,31.01841629594084,52.494617311912705,prophet,CELL-007,dfw
2025-08-25 21:00:00,,39.33081716821564,27.660919394240747,50.95851816772056,prophet,CELL-007,dfw
2025-08-25 22:00:00,,36.37843065688277,25.111427960614137,48.240118756949755,prophet,CELL-007,dfw
2025-08-25 23:00:00,,32.62964976758826,20.94888664029661,44.391496905824546,prophet,CELL-007,dfw
2025-08-26 00:00:00,,27.97217711568581,16.756245034943372,39.72695790586039,prophet,CELL-007,dfw
2025-08-26 01:00:00,,22.292116317810823,10.613013341381205,33.40820606746493,prophet,CELL-007,dfw
2025-08-26 02:00:00,,15.475490544953658,3.668253445293352,27.268634283294325,prophet,CELL-007,dfw
2025-08-26 03:00:00,,7.409839148918351,-4.163721065406234,19.296929979642794,prophet,CELL-007,dfw
2025-08-26 04:00:00,,-2.014127701277559,-13.589579241157333,9.225760545540497,prophet,CELL-007,dfw
2025-08-26 05:00:00,,-12.900837575427865,-24.140949918586507,-1.5545120838431323,prophet,CELL-007,dfw
2025-08-26 06:00:00,,-25.348149636388392,-36.67303736025366,-14.312584965169393,prophet,CELL-007,dfw
2025-08-26 07:00:00,,-39.4456564338874,-51.51229777924927,-28.53579175363821,prophet,CELL-007,dfw
2025-08-26 08:00:00,,-55.273016692326934,-66.72415698273629,-42.87665656927404,prophet,CELL-007,dfw
2025-08-24 21:00:00,44.6169418729677,,,,observed,CELL-008,dfw
2025-08-24 22:00:00,45.91288637869444,,,,observed,CELL-008,dfw
2025-08-24 23:00:00,52.86031683818193,,,,observed,CELL-008,dfw
2025-08-25 00:00:00,37.92795168332172,,,,observed,CELL-008,dfw
2025-08-25 01:00:00,44.152172683142496,,,,observed,CELL-008,dfw
2025-08-25 02:00:00,48.11688521128684,,,,observed,CELL-008,dfw
2025-08-25 03:00:00,47.14998113504625,,,,observed,CELL-008,dfw
2025-08-25 04:00:00,42.827221713728214,,,,observed,CELL-008,dfw
2025-08-25 05:00:00,61.037782180540376,,,,observed,CELL-008,dfw
2025-08-25 06:00:00,51.94647544096475,,,,observed,CELL-008,dfw
2025-08-25 07:00:00,41.87287762724155,,,,observed,CELL-008,dfw
2025-08-25 08:00:00,51.79052331658231,,,,observed,CELL-008,dfw
2025-08-25 09:00:00,42.6922838139508,,,,observed,CELL-008,dfw
2025-08-25 10:00:00,38.28925322652267,,,,observed,CELL-008,dfw
2025-08-25 11:00:00,45.148450794423255,,,,observed,CELL-008,dfw
2025-08-25 12:00:00,55.92457838843022,,,,observed,CELL-008,dfw
2025-08-25 13:00:00,74.05017711047591,,,,observed,CELL-008,dfw
2025-08-25 14:00:00,48.763405060507026,,,,observed,CELL-008,dfw
2025-08-25 15:00:00,54.17349776102475,,,,observed,CELL-008,dfw
2025-08-25 16:00:00,50.36684727234987,,,,observed,CELL-008,dfw
2025-08-25 17:00:00,50.49493998934829,,,,observed,CELL-008,dfw
2025-08-25 18:00:00,49.14737239509924,,,,observed,CELL-008,dfw
2025-08-25 19:00:00,44.99678480154559,,,,observed,CELL-008,dfw
2025-08-25 20:00:00,43.85313105209802,,,,observed,CELL-008,dfw
2025-08-24 08:00:00,,43.28721339847325,34.885824680733485,51.14055889615325,prophet,CELL-008,dfw
2025-08-24 09:00:00,,43.48281701921674,34.834314129736306,52.06045287172006,prophet,CELL-008,dfw
2025-08-24 10:00:00,,43.785960962842665,35.63931315839003,52.063968501137026,prophet,CELL-008,dfw
2025-08-24 11:00:00,,44.14728214752656,36.00468959326876,51.873035326316064,prophet,CELL-008,dfw
2025-08-24 12:00:00,,44.52590306096876,36.227391956822046,52.90479031489746,prophet,CELL-008,dfw
2025-08-24 13:00:00,,44.88944627171885,36.766340041642,53.352967298958994,prophet,CELL-008,dfw
2025-08-24 14:00:00,,45.213881179028085,36.8494803396833,53.97671959709714,prophet,CELL-008,dfw
2025-08-24 15:00:00,,45.48320837462843,37.54145475646903,53.40333371527989,prophet,CELL-008,dfw
2025-08-24 16:00:00,,45.68898934721345,36.88330941422018,53.531786057939414,prophet,CELL-008,dfw
2025-08-24 17:00:00,,45.82973153400114,37.77291861035965,53.519214023279226,prophet,CELL-008,dfw
2025-08-24 18:00:00,,45.91014080852699,37.63750734437164,53.982368236252846,prophet,CELL-008,dfw
2025-08-24 19:00:00,,45.94025541230493,37.635313639298225,54.10516821781473,prophet,CELL-008,dfw
2025-08-24 20:00:00,,45.93447709785244,37.03445051607096,54.68862992478524,prophet,CELL-008,dfw
2025-08-24 21:00:00,,45.91051672439886,37.83030911098767,53.90610462204393,prophet,CELL-008,dfw
2025-08-24 22:00:00,,45.8882728084119,38.102085876236345,54.08597479104701,prophet,CELL-008,dfw
2025-08-24 23:00:00,,45.88866253551322,37.86526944743324,53.85362544134634,prophet,CELL-008,dfw
2025-08-25 00:00:00,,45.93242547042218,37.32101381192525,54.1948556657045,prophet,CELL-008,dfw
2025-08-25 01:00:00,,46.038920607070835,38.596084712283556,54.30381414699571,prophet,CELL-008,dfw
2025-08-25 02:00:00,,46.22493759520459,37.87517613669377,54.32908871153077,prophet,CELL-008,dfw
2025-08-25 03:00:00,,46.503542782383434,38.23554923250523,54.38089788440393,prophet,CELL-008,dfw
2025-08-25 04:00:00,,46.882980329460445,39.555726549273594,55.31269123376778,prophet,CELL-008,dfw
2025-08-25 05:00:00,,47.36564788246923,39.04205029428994,55.280117558162296,prophet,CELL-008,dfw
2025-08-25 06:00:00,,47.9471653272906,39.559928243479334,55.7446365800564,prophet,CELL-008,dfw
2025-08-25 07:00:00,,48.615553866809364,40.36819595714337,56.76254273653342,prophet,CELL-008,dfw
2025-08-25 08:00:00,,49.35054115890406,41.309437138432045,57.13621962924725,prophet,CELL-008,dfw
2025-08-25 09:00:00,,50.12300653385744,41.280327477116806,58.367001723384654,prophet,CELL-008,dfw
2025-08-25 10:00:00,,50.89457832145588,42.407163027433235,59.374282156707636,prophet,CELL-008,dfw
2025-08-25 11:00:00,,51.617393264844665,43.37934999227793,59.595087919610926,prophet,CELL-008,dfw
2025-08-25 12:00:00,,52.234025658052346,44.531134137100736,60.48868577983736,prophet,CELL-008,dfw
2025-08-25 13:00:00,,52.67759149535434,44.50709450317947,60.544354406504624,prophet,CELL-008,dfw
2025-08-25 14:00:00,,52.872030414121774,44.45444080336936,61.15369384431152,prophet,CELL-008,dfw
2025-08-25 15:00:00,,52.732565673835964,44.83783649339547,59.91133190769069,prophet,CELL-008,dfw
2025-08-25 16:00:00,,52.16633984474819,44.118707930289446,60.59726105217408,prophet,CELL-008,dfw
2025-08-25 17:00:00,,51.07322132051056,42.89206377273159,58.81675576779555,prophet,CELL-008,dfw
2025-08-25 18:00:00,,49.34677426391552,41.47343827389703,57.74956918887756,prophet,CELL-008,dfw
2025-08-25 19:00:00,,46.87538214168596,38.88210649168331,55.14514024188496,prophet,CELL-008,dfw
2025-08-25 20:00:00,,43.543512694783864,35.70005370572708,51.61778330847769,prophet,CELL-008,dfw
2025-08-25 21:00:00,,39.233109982451424,31.476637611698216,47.40538598013565,prophet,CELL-008,dfw
2025-08-25 22:00:00,,33.825097157912424,25.831785582141315,41.86692279344011,prophet,CELL-008,dfw
2025-08-25 23:00:00,,27.20097177483079,18.920860831950822,35.42452551422238,prophet,CELL-008,dfw
2025-08-26 00:00:00,,19.244473868287642,10.568454557923612,27.88048512370992,prophet,CELL-008,dfw
2025-08-26 01:00:00,,9.843305686900152,1.5256080303129063,18.257960410718816,prophet,CELL-008,dfw
2025-08-26 02:00:00,,-1.1091191237102578,-8.834888829819954,6.492133565227098,prophet,CELL-008,dfw
2025-08-26 03:00:00,,-13.711919886576645,-22.218659701925503,-5.476431557886394,prophet,CELL-008,dfw
2025-08-26 04:00:00,,-28.055010309933472,-36.11537847898421,-20.196982698177916,prophet,CELL-008,dfw
2025-08-26 05:00:00,,-44.217400668732246,-52.320191630842956,-35.93565548881563,prophet,CELL-008,dfw
2025-08-26 06:00:00,,-62.26556437408019,-70.26433517935419,-54.071951459914004,prophet,CELL-008,dfw
2025-08-26 07:00:00,,-82.25189208744447,-90.70119467117343,-73.83713865818277,prophet,CELL-008,dfw
2025-08-26 08:00:00,,-104.21325592856445,-112.05437296843174,-94.84809373600666,prophet,CELL-008,dfw
2025-08-24 21:00:00,46.95898774131122,,,,observed,CELL-009,dfw
2025-08-24 22:00:00,39.40392816899834,,,,observed,CELL-009,dfw
2025-08-24 23:00:00,56.24864502671124,,,,observed,CELL-009,dfw
2025-08-25 00:00:00,48.30455617478555,,,,observed,CELL-009,dfw
2025-08-25 01:00:00,41.09082874169378,,,,observed,CELL-009,dfw
2025-08-25 02:00:00,46.6580281762956,,,,observed,CELL-009,dfw
2025-08-25 03:00:00,42.523802221878015,,,,observed,CELL-009,dfw
2025-08-25 04:00:00,47.60537443482567,,,,observed,CELL-009,dfw
2025-08-25 05:00:00,46.554038200872434,,,,observed,CELL-009,dfw
2025-08-25 06:00:00,83.15739568109478,,,,observed,CELL-009,dfw
2025-08-25 07:00:00,55.29620420703066,,,,observed,CELL-009,dfw
2025-08-25 08:00:00,36.10206290004437,,,,observed,CELL-009,dfw
2025-08-25 09:00:00,48.942465860497435,,,,observed,CELL-009,dfw
2025-08-25 10:00:00,42.253679813232196,,,,observed,CELL-009,dfw
2025-08-25 11:00:00,43.26426327952391,,,,observed,CELL-009,dfw
2025-08-25 12:00:00,52.887337989341034,,,,observed,CELL-009,dfw
2025-08-25 13:00:00,36.15911717500092,,,,observed,CELL-009,dfw
2025-08-25 14:00:00,40.87626920183142,,,,observed,CELL-009,dfw
2025-08-25 15:00:00,47.58975854091141,,,,observed,CELL-009,dfw
2025-08-25 16:00:00,42.51269062743116,,,,observed,CELL-009,dfw
2025-08-25 17:00:00,52.92993795892724,,,,observed,CELL-009,dfw
2025-08-25 18:00:00,49.91490818625843,,,,observed,CELL-009,dfw
2025-08-25 19:00:00,41.86116121758006,,,,observed,CELL-009,dfw
2025-08-25 20:00:00,42.12047398002649,,,,observed,CELL-009,dfw
2025-08-24 08:00:00,,46.33661609632689,35.90153876617148,56.61058253219777,prophet,CELL-009,dfw
2025-08-24 09:00:00,,45.775304339704704,35.45917360833118,55.96242000801751,prophet,CELL-009,dfw
2025-08-24 10:00:00,,45.161153780332704,34.58575882949213,55.26609380418979,prophet,CELL-009,dfw
2025-08-24 11:00:00,,44.55313346030265,34.07461490937061,54.73282383118389,prophet,CELL-009,dfw
2025-08-24 12:00:00,,44.00043952186218,33.58897994081881,53.85986329992155,prophet,CELL-009,dfw
2025-08-24 13:00:00,,43.54236580601686,33.58942599354134,53.08393423115923,prophet,CELL-009,dfw
2025-08-24 14:00:00,,43.20835374970556,33.592155425557166,53.67282331253533,prophet,CELL-009,dfw
2025-08-24 15:00:00,,43.018217450021794,32.46475927523232,52.74862753535769,prophet,CELL-009,dfw
2025-08-24 16:00:00,,42.98253729724981,33.13031026697262,53.01357379793848,prophet,CELL-009,dfw
2025-08-24 17:00:00,,43.10321317644679,32.96654417521886,52.37203375894603,prophet,CELL-009,dfw
2025-08-24 18:00:00,,43.37416601478176,33.617879254246716,53.43896602486954,prophet,CELL-009,dfw
2025-08-24 19:00:00,,43.782174385736155,34.02948606123535,54.02163528813593,prophet,CELL-009,dfw
2025-08-24 20:00:00,,44.307830960338336,34.037846074193254,54.91047161076909,prophet,CELL-009,dfw
2025-08-24 21:00:00,,44.92660195890015,35.03272283916746,55.20360468240376,prophet,CELL-009,dfw
2025-08-24 22:00:00,,45.609971320521396,35.309330702959855,56.03284264319762,prophet,CELL-009,dfw
2025-08-24 23:00:00,,46.32665012810965,36.04440708848875,57.18932746259867,prophet,CELL-009,dfw
2025-08-25 00:00:00,,47.043830920165604,37.083351250106105,57.49633840077189,prophet,CELL-009,dfw
2025-08-25 01:00:00,,47.72846593141741,37.78323038799177,58.30172640648624,prophet,CELL-009,dfw
2025-08-25 02:00:00,,48.34854793879321,38.098203934390426,58.500929954929774,prophet,CELL-009,dfw
2025-08-25 03:00:00,,48.87437241036186,38.245034092761856,58.025834338387924,prophet,CELL-009,dfw
2025-08-25 04:00:00,,49.27975986775536,38.87594533481424,59.11546695752175,prophet,CELL-009,dfw
2025-08-25 05:00:00,,49.5432179914274,39.30205214086192,58.76554025726615,prophet,CELL-009,dfw
2025-08-25 06:00:00,,49.649023799631244,39.59427165162742,60.10932855692629,prophet,CELL-009,dfw
2025-08-25 07:00:00,,49.588207382305,39.189032758333234,59.346401978913924,prophet,CELL-009,dfw
2025-08-25 08:00:00,,49.35942004156654,38.446700069812245,59.876738995006264,prophet,CELL-009,dfw
2025-08-25 09:00:00,,48.96967130559234,39.80457789290806,58.99567079104651,prophet,CELL-009,dfw
2025-08-25 10:00:00,,48.43492115924301,37.46868953603907,59.320024211000174,prophet,CELL-009,dfw
2025-08-25 11:00:00,,47.780515824472374,37.571886286982824,58.39268342111732,prophet,CELL-009,dfw
2025-08-25 12:00:00,,47.04145768155001,36.64051160380637,57.85233808239286,prophet,CELL-009,dfw
2025-08-25 13:00:00,,46.26250224105243,36.90427909239717,56.7591158728136,prophet,CELL-009,dfw
2025-08-25 14:00:00,,45.49807754342088,35.191358901192174,56.08492093057053,prophet,CELL-009,dfw
2025-08-25 15:00:00,,44.81202390083656,34.2879901043503,55.369737118690935,prophet,CELL-009,dfw
2025-08-25 16:00:00,,44.277154473217756,34.010043434406775,54.637018478149834,prophet,CELL-009,dfw
2025-08-25 17:00:00,,43.97463975692863,33.77001236846375,54.123466234389156,prophet,CELL-009,dfw
2025-08-25 18:00:00,,43.99322162323579,33.30792897732398,54.27224811499443,prophet,CELL-009,dfw
2025-08-25 19:00:00,,44.4282650558068,33.87949555155433,55.30187917821943,prophet,CELL-009,dfw
2025-08-25 20:00:00,,45.380658135749435,35.08127880819124,55.385843070691955,prophet,CELL-009,dfw
2025-08-25 21:00:00,,46.9555731219428,35.62215491427946,57.89460447415711,prophet,CELL-009,dfw
2025-08-25 22:00:00,,49.26110358139729,39.35570305306895,59.77126239486594,prophet,CELL-009,dfw
2025-08-25 23:00:00,,52.40679449963443,41.721782110798095,62.83686078291667,prophet,CELL-009,dfw
2025-08-26 00:00:00,,56.50208400387091,45.76298894031238,67.13575433412254,prophet,CELL-009,dfw
2025-08-26 01:00:00,,61.6546768507586,50.923138326553804,71.77414134939379,prophet,CELL-009,dfw
2025-08-26 02:00:00,,67.968871065869,57.284471315528506,78.13902949780399,prophet,CELL-009,dfw
2025-08-26 03:00:00,,75.543860092342,65.84480126995142,86.69962587934258,prophet,CELL-009,dfw
2025-08-26 04:00:00,,84.47203348160312,74.3757394231365,94.90132865371494,prophet,CELL-009,dfw
2025-08-26 05:00:00,,94.83729954865055,84.93185359682921,105.16715248098218,prophet,CELL-009,dfw
2025-08-26 06:00:00,,106.71345350279228,95.74393758901397,116.52852987089106,prophet,CELL-009,dfw
2025-08-26 07:00:00,,120.16261427989501,109.9672742983057,131.09121926220453,prophet,CELL-009,dfw
2025-08-26 08:00:00,,135.23375286581899,124.4243913457882,146.0824711232943,prophet,CELL-009,dfw
2025-08-24 21:00:00,51.71507027162627,,,,observed,CELL-010,dfw
2025-08-24 22:00:00,35.81782746036311,,,,observed,CELL-010,dfw
2025-08-24 23:00:00,45.2968516840427,,,,observed,CELL-010,dfw
2025-08-25 00:00:00,37.27386619332508,,,,observed,CELL-010,dfw
2025-08-25 01:00:00,48.584177257921354,,,,observed,CELL-010,dfw
2025-08-25 02:00:00,56.09200843350463,,,,observed,CELL-010,dfw
2025-08-25 03:00:00,40.89301545369314,,,,observed,CELL-010,dfw
2025-08-25 04:00:00,42.713118662678745,,,,observed,CELL-010,dfw
2025-08-25 05:00:00,37.116102849300205,,,,observed,CELL-010,dfw
2025-08-25 06:00:00,56.07443297641518,,,,observed,CELL-010,dfw
2025-08-25 07:00:00,42.266851633967455,,,,observed,CELL-010,dfw
2025-08-25 08:00:00,39.66131412681963,,,,observed,CELL-010,dfw
2025-08-25 09:00:00,42.65999516906197,,,,observed,CELL-010,dfw
2025-08-25 10:00:00,43.97716291096915,,,,observed,CELL-010,dfw
2025-08-25 11:00:00,42.097799005432286,,,,observed,CELL-010,dfw
2025-08-25 12:00:00,37.66666118924432,,,,observed,CELL-010,dfw
2025-08-25 13:00:00,61.715745645483125,,,,observed,CELL-010,dfw
2025-08-25 14:00:00,86.30936080007632,,,,observed,CELL-010,dfw
2025-08-25 15:00:00,48.748100061947454,,,,observed,CELL-010,dfw
2025-08-25 16:00:00,39.550678688818266,,,,observed,CELL-010,dfw
2025-08-25 17:00:00,38.82203505854784,,,,observed,CELL-010,dfw
2025-08-25 18:00:00,50.71791958164722,,,,observed,CELL-010,dfw
2025-08-25 19:00:00,45.70567162963928,,,,observed,CELL-010,dfw
2025-08-25 20:00:00,39.81889434642416,,,,observed,CELL-010,dfw
2025-08-24 08:00:00,,39.44669133400803,27.430269347100865,49.6260998746938,prophet,CELL-010,dfw
2025-08-24 09:00:00,,41.83946045518981,30.491170292299717,53.11715353134552,prophet,CELL-010,dfw
2025-08-24 10:00:00,,43.69218050276412,32.97402328261073,54.51756833970531,prophet,CELL-010,dfw
2025-08-24 11:00:00,,45.04807134443023,33.49805652015025,56.65748928098357,prophet,CELL-010,dfw
2025-08-24 12:00:00,,45.95572093268403,34.55994725293727,57.41483392009434,prophet,CELL-010,dfw
2025-08-24 13:00:00,,46.46806214144449,35.366858118773806,57.867509567991036,prophet,CELL-010,dfw
2025-08-24 14:00:00,,46.6412927401184,36.28718100021433,58.08512370993034,prophet,CELL-010,dfw
2025-08-24 15:00:00,,46.533754080969594,34.72018199783815,57.91763981048892,prophet,CELL-010,dfw
2025-08-24 16:00:00,,46.204784623545066,35.20460898892725,57.17214000436077,prophet,CELL-010,dfw
2025-08-24 17:00:00,,45.71356474524313,35.1291268191138,57.06287486711079,prophet,CELL-010,dfw
2025-08-24 18:00:00,,45.11796940607633,34.11338412428599,56.40183848917176,prophet,CELL-010,dfw
2025-08-24 19:00:00,,44.47344511829084,33.51439901690409,55.08870477412181,prophet,CELL-010,dfw
2025-08-24 20:00:00,,43.83192736978973,32.92986148317486,55.458229873501246,prophet,CELL-010,dfw
2025-08-24 21:00:00,,43.24081410193694,31.62743173695668,53.72505318038151,prophet,CELL-010,dfw
2025-08-24 22:00:00,,42.742010099293196,31.218410807157078,54.31994583341003,prophet,CELL-010,dfw
2025-08-24 23:00:00,,42.37105621766618,31.234458182591283,53.37055626006782,prophet,CELL-010,dfw
2025-08-25 00:00:00,,42.15635625710464,31.032214657803816,53.36304983013443,prophet,CELL-010,dfw
2025-08-25 01:00:00,,42.11851297541391,30.910913998791443,52.74958907964398,prophet,CELL-010,dfw
2025-08-25 02:00:00,,42.269783314730844,31.988560934819652,53.61359517809936,prophet,CELL-010,dfw
2025-08-25 03:00:00,,42.613661307031286,31.742434308392976,53.38245432504189,prophet,CELL-010,dfw
2025-08-25 04:00:00,,43.144595443748585,31.84292132872699,54.6414316886769,prophet,CELL-010,dfw
2025-08-25 05:00:00,,43.84784549021238,32.95451766299293,55.31087886093238,prophet,CELL-010,dfw
2025-08-25 06:00:00,,44.6994818727019,34.23059869802897,56.51045714746105,prophet,CELL-010,dfw
2025-08-25 07:00:00,,45.66652884821171,34.4761383223859,56.3156981392258,prophet,CELL-010,dfw
2025-08-25 08:00:00,,46.70725074378389,36.04091094261961,58.458663307926294,prophet,CELL-010,dfw
2025-08-25 09:00:00,,47.77157862158752,36.870769924659065,58.38815679053394,prophet,CELL-010,dfw
2025-08-25 10:00:00,,48.80167281688319,37.345398084499145,60.238490159764964,prophet,CELL-010,dfw
2025-08-25 11:00:00,,49.73261496705656,38.437792383405835,60.26187466891902,prophet,CELL-010,dfw
2025-08-25 12:00:00,,50.49322135423802,39.05437137089421,61.05664473336734,prophet,CELL-010,dfw
2025-08-25 13:00:00,,51.00696773193472,38.91538538751402,61.091232365317076,prophet,CELL-010,dfw
2025-08-25 14:00:00,,51.19301423668612,40.82509150665576,62.57998483517673,prophet,CELL-010,dfw
2025-08-25 15:00:00,,50.96731759293727,39.04483267928587,62.51904381776757,prophet,CELL-010,dfw
2025-08-25 16:00:00,,50.24381654319908,38.84150550872024,61.06643009018746,prophet,CELL-010,dfw
2025-08-25 17:00:00,,48.93567538844969,37.351181544914674,59.81393579148976,prophet,CELL-010,dfw
2025-08-25 18:00:00,,46.956569617452985,36.31709090517706,58.02087728609523,prophet,CELL-010,dfw
2025-08-25 19:00:00,,44.22199693017846,32.651970626347655,55.84971492983068,prophet,CELL-010,dfw
2025-08-25 20:00:00,,40.65059648888689,30.2566891873954,52.38806163995017,prophet,CELL-010,dfw
2025-08-25 21:00:00,,36.16545896971995,25.855998663840747,47.91541608227299,prophet,CELL-010,dfw
2025-08-25 22:00:00,,30.695409977210318,19.809473639359126,41.12115401985909,prophet,CELL-010,dfw
2025-08-25 23:00:00,,24.17624954815568,12.528989932222448,35.69612459981768,prophet,CELL-010,dfw
2025-08-26 00:00:00,,16.551930909040173,5.9825985671191155,26.514668383784205,prophet,CELL-010,dfw
2025-08-26 01:00:00,,7.775662276904107,-3.982213187396522,19.133385500878685,prophet,CELL-010,dfw
2025-08-26 02:00:00,,-2.189083675066982,-13.334004897246047,9.694025421879827,prophet,CELL-010,dfw
2025-08-26 03:00:00,,-13.367667013406944,-24.919392588701157,-2.3977599110033228,prophet,CELL-010,dfw
2025-08-26 04:00:00,,-25.773497499598456,-37.5358821574255,-14.547556883362628,prophet,CELL-010,dfw
2025-08-26 05:00:00,,-39.40738301084487,-50.58556703119723,-28.415656050935553,prophet,CELL-010,dfw
2025-08-26 06:00:00,,-54.25701956995847,-65.84037503995985,-43.85272595918645,prophet,CELL-010,dfw
2025-08-26 07:00:00,,-70.29663142248818,-81.25511192273513,-59.648005605606805,prophet,CELL-010,dfw
2025-08-26 08:00:00,,-87.48676782119243,-98.79259184399646,-76.00579103705813,prophet,CELL-010,dfw
2025-08-24 21:00:00,43.21244574399435,,,,observed,CELL-011,dfw
2025-08-24 22:00:00,34.031284028003235,,,,observed,CELL-011,dfw
2025-08-24 23:00:00,42.13958659938526,,,,observed,CELL-011,dfw
2025-08-25 00:00:00,40.24545487167778,,,,observed,CELL-011,dfw
2025-08-25 01:00:00,37.66895437593541,,,,observed,CELL-011,dfw
2025-08-25 02:00:00,43.81520488404623,,,,observed,CELL-011,dfw
2025-08-25 03:00:00,39.72977629378336,,,,observed,CELL-011,dfw
2025-08-25 04:00:00,46.76064615053781,,,,observed,CELL-011,dfw
2025-08-25 05:00:00,28.17796666135326,,,,observed,CELL-011,dfw
2025-08-25 06:00:00,38.96527347593423,,,,observed,CELL-011,dfw
2025-08-25 07:00:00,53.731701024543966,,,,observed,CELL-011,dfw
2025-08-25 08:00:00,51.065343524054505,,,,observed,CELL-011,dfw
2025-08-25 09:00:00,75.86386980286676,,,,observed,CELL-011,dfw
2025-08-25 10:00:00,76.29308665178219,,,,observed,CELL-011,dfw
2025-08-25 11:00:00,42.538571135560524,,,,observed,CELL-011,dfw
2025-08-25 12:00:00,48.14753568141873,,,,observed,CELL-011,dfw
2025-08-25 13:00:00,37.45127761055637,,,,observed,CELL-011,dfw
2025-08-25 14:00:00,49.441320302998335,,,,observed,CELL-011,dfw
2025-08-25 15:00:00,47.599642087652,,,,observed,CELL-011,dfw
2025-08-25 16:00:00,44.70235350219194,,,,observed,CELL-011,dfw
2025-08-25 17:00:00,43.5496006913479,,,,observed,CELL-011,dfw
2025-08-25 18:00:00,59.57304553379237,,,,observed,CELL-011,dfw
2025-08-25 19:00:00,46.34079608584181,,,,observed,CELL-011,dfw
2025-08-25 20:00:00,40.30030862199787,,,,observed,CELL-011,dfw
2025-08-24 08:00:00,,44.456001579789465,32.420691983600705,55.627111252426296,prophet,CELL-011,dfw
2025-08-24 09:00:00,,46.74812202855776,34.68354206854951,58.441028321118694,prophet,CELL-011,dfw
2025-08-24 10:00:00,,48.17735694689237,37.087734581143444,59.20790596769577,prophet,CELL-011,dfw
2025-08-24 11:00:00,,48.87972352219213,37.84504760182116,59.667365440063676,prophet,CELL-011,dfw
2025-08-24 12:00:00,,48.98795718229838,37.04572352534765,59.93907772267534,prophet,CELL-011,dfw
2025-08-24 13:00:00,,48.629714141035926,36.55675434845531,60.472437807369005,prophet,CELL-011,dfw
2025-08-24 14:00:00,,47.925912827139406,36.78067352882045,59.628938694844976,prophet,CELL-011,dfw
2025-08-24 15:00:00,,46.989234735665505,35.58355548903132,58.058667959600506,prophet,CELL-011,dfw
2025-08-24 16:00:00,,45.922802849132424,34.62581300730106,57.550877979009975,prophet,CELL-011,dfw
2025-08-24 17:00:00,,44.81905312013143,33.85411208941241,56.01097932593338,prophet,CELL-011,dfw
2025-08-24 18:00:00,,43.758811713255604,32.41998082954485,54.55078300146895,prophet,CELL-011,dfw
2025-08-24 19:00:00,,42.81058772856345,30.96799652576918,54.695849635703794,prophet,CELL-011,dfw
2025-08-24 20:00:00,,42.03008804385741,30.89885114842981,53.08053576451357,prophet,CELL-011,dfw
2025-08-24 21:00:00,,41.4599577747593,30.271994104512327,52.66156462709011,prophet,CELL-011,dfw
2025-08-24 22:00:00,,41.129746665132146,29.96368780015466,51.74469970445075,prophet,CELL-011,dfw
2025-08-24 23:00:00,,41.05609855917754,30.055149985109402,53.52504538551467,prophet,CELL-011,dfw
2025-08-25 00:00:00,,41.243157981484345,30.11369123488074,53.53036470959823,prophet,CELL-011,dfw
2025-08-25 01:00:00,,41.683184857998654,31.200683008157544,52.32972228934201,prophet,CELL-011,dfw
2025-08-25 02:00:00,,42.35736549236752,31.391507486815257,54.13471917676021,prophet,CELL-011,dfw
2025-08-25 03:00:00,,43.23680524492906,32.126548489764495,53.726322762183095,prophet,CELL-011,dfw
2025-08-25 04:00:00,,44.283685802776816,32.55147015118957,55.307169347940636,prophet,CELL-011,dfw
2025-08-25 05:00:00,,45.45256772145375,34.19940760130088,57.57625817245781,prophet,CELL-011,dfw
2025-08-25 06:00:00,,46.69181687770673,35.468208383373444,57.28499778066691,prophet,CELL-011,dfw
2025-08-25 07:00:00,,47.94513180224172,36.90330124284198,59.720029800268804,prophet,CELL-011,dfw
2025-08-25 08:00:00,,49.15314746531563,38.23501135737185,60.57741280142068,prophet,CELL-011,dfw
2025-08-25 09:00:00,,50.25509003498545,38.178439189254945,61.51738964878116,prophet,CELL-011,dfw
2025-08-25 10:00:00,,51.19045646077079,39.7437856099828,62.73395396053317,prophet,CELL-011,dfw
2025-08-25 11:00:00,,51.900692346520714,40.875263383755595,63.062419871215894,prophet,CELL-011,dfw
2025-08-25 12:00:00,,52.33084164628985,42.29278084328239,63.18913178878085,prophet,CELL-011,dfw
2025-08-25 13:00:00,,52.431142075207916,41.084423794310986,62.918012198039094,prophet,CELL-011,dfw
2025-08-25 14:00:00,,52.15854086889655,40.81780886814088,64.20023843115558,prophet,CELL-011,dfw
2025-08-25 15:00:00,,51.47810663400984,40.41548788333683,62.94780700481974,prophet,CELL-011,dfw
2025-08-25 16:00:00,,50.364314421115346,39.13214233574418,61.82468128092849,prophet,CELL-011,dfw
2025-08-25 17:00:00,,48.80218293518551,37.120850411406714,59.92626400570053,prophet,CELL-011,dfw
2025-08-25 18:00:00,,46.7882447754352,35.51979816432488,58.79119218997926,prophet,CELL-011,dfw
2025-08-25 19:00:00,,44.331332937970004,32.762580244877206,54.481379261212346,prophet,CELL-011,dfw
2025-08-25 20:00:00,,41.45316930820586,30.63934583523279,53.51675390664714,prophet,CELL-011,dfw
2025-08-25 21:00:00,,38.18874363140644,27.0975360165246,48.57068313271913,prophet,CELL-011,dfw
2025-08-25 22:00:00,,34.586474332629045,22.945989533824545,45.4339459570315,prophet,CELL-011,dfw
2025-08-25 23:00:00,,30.708145592281085,19.584280878452635,41.33282893665858,prophet,CELL-011,dfw
2025-08-26 00:00:00,,26.628618198067493,14.621325000874398,38.1318640476279,prophet,CELL-011,dfw
2025-08-26 01:00:00,,22.435314877845226,11.649298601642812,33.31695837891432,prophet,CELL-011,dfw
2025-08-26 02:00:00,,18.22748396138784,7.143951655941601,29.222572346245776,prophet,CELL-011,dfw
2025-08-26 03:00:00,,14.115248386040566,2.981220355573787,25.688853566433398,prophet,CELL-011,dfw
2025-08-26 04:00:00,,10.218450118388851,-2.223946014408413,20.836944468723296,prophet,CELL-011,dfw
2025-08-26 05:00:00,,6.665302991307975,-4.454022880049285,17.225318735814106,prophet,CELL-011,dfw
2025-08-26 06:00:00,,3.590869785651485,-7.400558736735333,15.273280200303489,prophet,CELL-011,dfw
2025-08-26 07:00:00,,1.1353819234233953,-10.85689183561188,12.515886482906927,prophet,CELL-011,dfw
2025-08-26 08:00:00,,-0.5575773970467921,-11.739305952579402,10.878955901655356,prophet,CELL-011,dfw
2025-08-24 21:00:00,56.93246441612271,,,,observed,CELL-012,dfw
2025-08-24 22:00:00,47.20918767706958,,,,observed,CELL-012,dfw
2025-08-24 23:00:00,45.42112497262978,,,,observed,CELL-012,dfw
2025-08-25 00:00:00,55.3861273350827,,,,observed,CELL-012,dfw
2025-08-25 01:00:00,48.13415337416397,,,,observed,CELL-012,dfw
2025-08-25 02:00:00,44.3643564747718,,,,observed,CELL-012,dfw
2025-08-25 03:00:00,32.37569376496909,,,,observed,CELL-012,dfw
2025-08-25 04:00:00,38.72678496494012,,,,observed,CELL-012,dfw
2025-08-25 05:00:00,48.05706469511202,,,,observed,CELL-012,dfw
2025-08-25 06:00:00,42.66286006013563,,,,observed,CELL-012,dfw
2025-08-25 07:00:00,35.757934006236695,,,,observed,CELL-012,dfw
2025-08-25 08:00:00,50.432872272262045,,,,observed,CELL-012,dfw
2025-08-25 09:00:00,43.415075278533976,,,,observed,CELL-012,dfw
2025-08-25 10:00:00,41.13653143135364,,,,observed,CELL-012,dfw
2025-08-25 11:00:00,64.51821003104622,,,,observed,CELL-012,dfw
2025-08-25 12:00:00,87.85617037080874,,,,observed,CELL-012,dfw
2025-08-25 13:00:00,38.81544218826192,,,,observed,CELL-012,dfw
2025-08-25 14:00:00,48.18341880903634,,,,observed,CELL-012,dfw
2025-08-25 15:00:00,51.994290295214014,,,,observed,CELL-012,dfw
2025-08-25 16:00:00,51.74655803712012,,,,observed,CELL-012,dfw
2025-08-25 17:00:00,45.81373917945287,,,,observed,CELL-012,dfw
2025-08-25 18:00:00,38.17950513132787,,,,observed,CELL-012,dfw
2025-08-25 19:00:00,54.07198884483633,,,,observed,CELL-012,dfw
2025-08-25 20:00:00,46.11084588345717,,,,observed,CELL-012,dfw
2025-08-24 08:00:00,,39.36440327401815,27.599146281325652,50.63974246024948,prophet,CELL-012,dfw
2025-08-24 09:00:00,,41.13457831566451,30.593233301906565,53.744918017458915,prophet,CELL-012,dfw
2025-08-24 10:00:00,,42.614969741560685,31.30864147622549,53.76712703708652,prophet,CELL-012,dfw
2025-08-24 11:00:00,,43.80823054336721,32.258488575046954,55.20350907010032,prophet,CELL-012,dfw
2025-08-24 12:00:00,,44.724249085394405,33.68166827114562,55.411113072106964,prophet,CELL-012,dfw
2025-08-24 13:00:00,,45.379522385776916,34.966423926680136,56.31495229575313,prophet,CELL-012,dfw
2025-08-24 14:00:00,,45.79642277311706,34.803966108497704,56.352027273246414,prophet,CELL-012,dfw
2025-08-24 15:00:00,,46.00237016896518,34.54098405696985,57.46310152680606,prophet,CELL-012,dfw
2025-08-24 16:00:00,,46.02892354873445,34.537932895008524,56.904677910884544,prophet,CELL-012,dfw
2025-08-24 17:00:00,,45.910806266406354,34.97171982888062,57.191827086040284,prophet,CELL-012,dfw
2025-08-24 18:00:00,,45.68488083806379,34.10523917940863,56.96268901040124,prophet,CELL-012,dfw
2025-08-24 19:00:00,,45.3890894706652,34.2943418092586,56.15090043002606,prophet,CELL-012,dfw
2025-08-24 20:00:00,,45.06137713541597,33.69190662442325,55.955246510105965,prophet,CELL-012,dfw
2025-08-24 21:00:00,,44.73861421237843,33.81363863457171,55.44602291118098,prophet,CELL-012,dfw
2025-08-24 22:00:00,,44.455535751781795,32.719420438116636,55.16870370517221,prophet,CELL-012,dfw
2025-08-24 23:00:00,,44.24371419308252,33.124073427847854,56.07133179012111,prophet,CELL-012,dfw
2025-08-25 00:00:00,,44.13058193919925,33.00711330683329,54.84951350439393,prophet,CELL-012,dfw
2025-08-25 01:00:00,,44.13851949342202,32.87002176378965,55.7950315846162,prophet,CELL-012,dfw
2025-08-25 02:00:00,,44.284024009760216,33.250371749644856,54.317695270411186,prophet,CELL-012,dfw
2025-08-25 03:00:00,,44.57697198446786,32.930587424415144,55.55065687261288,prophet,CELL-012,dfw
2025-08-25 04:00:00,,45.01998856441882,33.43707805985348,55.71899887974184,prophet,CELL-012,dfw
2025-08-25 05:00:00,,45.607934466390276,34.51552431761083,57.55326032725795,prophet,CELL-012,dfw
2025-08-25 06:00:00,,46.32751990758422,34.97262561894892,57.53362221563067,prophet,CELL-012,dfw
2025-08-25 07:00:00,,47.15705319344016,35.419564421192526,58.38154518071484,prophet,CELL-012,dfw
2025-08-25 08:00:00,,48.06632975327211,36.98633407378389,60.15885781311614,prophet,CELL-012,dfw
2025-08-25 09:00:00,,49.01666547849384,37.386988779842255,60.52425829840994,prophet,CELL-012,dfw
2025-08-25 10:00:00,,49.961076187496474,38.58493171161876,61.29237682440009,prophet,CELL-012,dfw
2025-08-25 11:00:00,,50.84460303777791,39.661817409713045,61.944721106271196,prophet,CELL-012,dfw
2025-08-25 12:00:00,,51.60478161343843,40.20031168506969,62.867158649956245,prophet,CELL-012,dfw
2025-08-25 13:00:00,,52.172250415626756,41.14411882196148,63.694647795424615,prophet,CELL-012,dfw
2025-08-25 14:00:00,,52.47149247582491,41.65197591794663,63.75182042319064,prophet,CELL-012,dfw
2025-08-25 15:00:00,,52.42170190693534,40.572259567197435,63.90912168471764,prophet,CELL-012,dfw
2025-08-25 16:00:00,,51.93776537103594,40.960407830334276,64.44984600962322,prophet,CELL-012,dfw
2025-08-25 17:00:00,,50.9313467608856,40.56705035774965,62.7831780530482,prophet,CELL-012,dfw
2025-08-25 18:00:00,,49.31206182093271,37.82199656082646,59.92666285340608,prophet,CELL-012,dfw
2025-08-25 19:00:00,,46.98872804674407,36.03155863231862,57.691978281386056,prophet,CELL-012,dfw
2025-08-25 20:00:00,,43.87067399104252,32.54137738471642,54.64052113466249,prophet,CELL-012,dfw
2025-08-25 21:00:00,,39.869091088369714,29.59447509271897,51.58791451599261,prophet,CELL-012,dfw
2025-08-25 22:00:00,,34.89841033398438,23.873696124745795,46.394761306338395,prophet,CELL-012,dfw
2025-08-25 23:00:00,,28.877685549903866,17.081084445836236,40.15274050142632,prophet,CELL-012,dfw
2025-08-26 00:00:00,,21.73196466361526,9.360665037502509,32.767590910926835,prophet,CELL-012,dfw
2025-08-26 01:00:00,,13.393630314807616,1.9067335508506384,24.5475539452822,prophet,CELL-012,dfw
2025-08-26 02:00:00,,3.803691243276731,-7.484128708938243,15.196732613584336,prophet,CELL-012,dfw
2025-08-26 03:00:00,,-7.086993693412701,-17.83225065216334,4.336547076060781,prophet,CELL-012,dfw
2025-08-26 04:00:00,,-19.316576397952467,-30.576266808250956,-7.332759099674757,prophet,CELL-012,dfw
2025-08-26 05:00:00,,-32.91118199185247,-45.181514454997675,-21.607795405178322,prophet,CELL-012,dfw
2025-08-26 06:00:00,,-47.88398845878314,-59.45600121718929,-37.013064290854366,prophet,CELL-012,dfw
2025-08-26 07:00:00,,-64.23443776409583,-75.56467715508907,-52.37926448085765,prophet,CELL-012,dfw
2025-08-26 08:00:00,,-81.94759132326216,-93.71430650186825,-70.42533537576288,prophet,CELL-012,dfw
